{"IcoMoonType":"selection","icons":[{"icon":{"paths":["M632.571 501.143l-424 424c-14.286 14.286-37.143 14.286-51.429 0l-94.857-94.857c-14.286-14.286-14.286-37.143 0-51.429l303.429-303.429-303.429-303.429c-14.286-14.286-14.286-37.143 0-51.429l94.857-94.857c14.286-14.286 37.143-14.286 51.429 0l424 424c14.286 14.286 14.286 37.143 0 51.429z"],"attrs":[{}],"width":695,"isMulticolor":false,"isMulticolor2":false,"tags":["chevron-right"],"grid":14},"attrs":[{}],"properties":{"order":1,"id":8,"prevSize":28,"code":59648,"name":"chevron-right"},"setIdx":6,"setId":2,"iconIdx":0},{"icon":{"paths":["M669.143 172l-303.429 303.429 303.429 303.429c14.286 14.286 14.286 37.143 0 51.429l-94.857 94.857c-14.286 14.286-37.143 14.286-51.429 0l-424-424c-14.286-14.286-14.286-37.143 0-51.429l424-424c14.286-14.286 37.143-14.286 51.429 0l94.857 94.857c14.286 14.286 14.286 37.143 0 51.429z"],"attrs":[{}],"width":768,"isMulticolor":false,"isMulticolor2":false,"tags":["chevron-left"],"grid":14},"attrs":[{}],"properties":{"order":1,"id":7,"prevSize":28,"code":59658,"name":"chevron-left"},"setIdx":6,"setId":2,"iconIdx":1}],"height":1024,"metadata":{"name":"icomoon"},"preferences":{"showGlyphs":true,"showQuickUse":true,"showQuickUse2":true,"showSVGs":true,"fontPref":{"prefix":"icon-","metadata":{"fontFamily":"icomoon","majorVersion":1,"minorVersion":0},"metrics":{"emSize":1024,"baseline":6.25,"whitespace":50},"embed":false},"imagePref":{"prefix":"icon-","png":true,"useClassSelector":true,"color":0,"bgColor":16777215,"classSelector":".icon"},"historySize":50,"showCodes":true,"gridSize":16}}